{"cameraMode":{"drawMode":0,"name":"Shaded","section":"Shading Mode"},"sceneLighting":true,"audioPlay":false,"sceneViewState":{"showFog":true,"showMaterialUpdate":false,"showSkybox":true,"showFlares":true,"showImageEffects":true,"showParticleSystems":true},"in2DMode":false,"pivot":{"x":4.687683582305908,"y":5.5831298828125,"z":-1.5011215209960938},"rotation":{"x":0.037056684494018558,"y":0.9628710746765137,"z":-0.19499355554580689,"w":0.18298526108264924},"size":35.84835433959961,"orthographic":false}